CHEM_ID,PLOT_NAME,CHEMSPIDER,HMDB,KEGG,PUBCHEM
30,mevalonate,388367,HMDB0000227,C02104,449
49,putrescine,13837702,HMDB0001414,C00134,1045
50,spermidine,1071,HMDB0001257,C00315,1102
54,1-methyladenine,71157,HMDB0011599,C02216,135398646
55,1-methylnicotinamide,8305504,HMDB0000699,C02918,457
62,1213-DiHOME,8412123,HMDB0004705,C14829,10236635
71,5-hydroxyindoleacetate,1760,HMDB0000763,C05635,1826
72,adenosine-2'3'-cyclic monophosphate,1947,HMDB0011616,C02353,2024
74,guanosine-2'3'-cyclic monophosphate,369712,HMDB0011629,C06194,92823
93,alpha-ketoglutarate,50,HMDB0000208,C00026,51
98,kynurenate,3712,HMDB0000715,C01717,3845
112,3-hydroxy-3-methylglutarate,4573695,HMDB0000355,C03761,16625459993
114,3-hydroxyphenylacetate,5323739,HMDB0000440,C05593,12122
136,cholate,,HMDB0000619,C00695,221493
141,gamma-aminobutyrate (GABA),116,HMDB0000112,C00334,119
144,4-hydroxyphenylacetate,3881560,HMDB0000020,C00642,127
158,56-dihydrothymine,84456,HMDB0000079,C00906,93556
171,hypoxanthine,768,HMDB0000157,C00262,790135398638
172,guanine,744,HMDB0000132,C00242,135398634
179,910-DiHOME,8142232,HMDB0004704,C14828,9966640
180,linoleate (18:2n6),4444105,HMDB0006270HMDB0000673,C01595,5280450
181,laurate (12:0),3756,HMDB0000638,C02679,3893
182,quinolinate,1037,HMDB0000232,C03722,1066
189,N6N6N6-trimethyllysine,140379,HMDB0001325,C03793,440120
192,N-acetylputrescine,109095,HMDB0002064,C02714,122356
194,N-formylmethionine,388809,HMDB0001015,C03145,439750
209,AMP,10239183,HMDB0000045,C00020,6083
211,2'-deoxyadenosine,13135,HMDB0000101,C00559,13730
212,5-methylthioadenosine (MTA),388321,HMDB0001173,C00170,439176
213,N6-methyladenosine,92307,HMDB0004044,,102175
229,arachidonate (20:4n6),392692,HMDB0001043,C00219,444899
231,arginine,227,HMDB0000517,C00062,6322
232,argininosuccinate,805,HMDB0000052,C03406,60150382
234,aspartate,5745,HMDB0000191,C00049,5960
235,2-hydroxyphenylacetate,11476,HMDB0000669,C05852,11970
240,3-(4-hydroxyphenyl)lactate (HPLA),9010,HMDB0000755,C03672,9378
241,phenylpyruvate,972,HMDB0000205,C00166,997
244,beta-alanine,234,HMDB0000056,C00099,239
250,biliverdin,10628548,HMDB0001008,C00500,5280353
251,biotin,149962,HMDB0000030,C00120,171548
252,succinate,1078,HMDB0000254,C00042,1110
254,3-hydroxybutyrate (BHBA),428,HMDB0000442HMDB0000357HMDB0000011,C03197C01089,9431844192135
266,cholesterol,4937803,HMDB0000067,C00187,5997643256411025495
267,phosphocholine,119298,HMDB0001565,C00588,1014
275,creatinine,568,HMDB0000562,C00791,588
278,cysteinylglycine,58762,HMDB0000078,C01419,439498
279,cystine,575,HMDB0000192,C00491,67678
282,CMP,5414497,HMDB0000095,C00055,6131
297,sphingosine,4510275,HMDB0000252,C00319,5280335
298,dCMP,5414501,HMDB0001202,C00239,13945
302,deoxycholate,389318,HMDB0000626,C04483,222528440355
310,cystathionine,811,HMDB0000099,C02291,439258
311,homocysteine,757,HMDB0000742,C00155,778
313,sphinganine,3014,HMDB0000269,C00836,3126
314,behenate (22:0)*,7923,HMDB0000944,C08281,8215
327,FAD,559059,HMDB0001248,C00016,643975
330,fumarate,10197150,HMDB0000134,C00122,444972
338,gluconate,10240,HMDB0000625,C00257,106903085666
339,glutarate (C5-DC),3618533,HMDB0000661,C00489,7434418048
340,glycine,730,HMDB0000123,C00037,750
342,glycocholate,9734,HMDB0000138,C01921,10140
344,guanidinoacetate,743,HMDB0000128,C00581,763
348,2'-deoxyguanosine,163230,HMDB0000085,C00330,135398592
354,histamine,753,HMDB0000870,C00388,774
355,histidine,752,HMDB0000177,C00135,6274
358,hypotaurine,96959,HMDB0000965,C00519,107812
361,inosine,21241953,HMDB0000195,C00294,6021
363,myo-inositol,10239179,HMDB0000211,C00137,892
376,isoleucine,769,HMDB0000172,C06418C00407C16424,6306
381,2-aminoadipate,456,HMDB0000510,C00956,92136
382,3-sulfo-L-alanine,65718,HMDB0002757,C00506,72886
391,citrulline,810,HMDB0000904,C00327,9750
392,saccharopine,141086,HMDB0000279,C00449,160556
397,leucine,,HMDB0000687,C00123,6106
405,lithocholate,9519,HMDB0000761,C03990,9903
407,lysine,5747,HMDB0003405,C00739C00047,5962
409,malate,510,HMDB0031518HMDB0000156HMDB0000744,C00149C00711C00497,525
415,methionine,5907,HMDB0000696,C00073,6137
418,methylmalonate (MMA),473,HMDB0000202,C02170,487
424,palmitate (16:0),960,HMDB0000220,C00249,985
432,nicotinamide,911,HMDB0001406,C00153,936
437,pelargonate (9:0),4574394,HMDB0000847,C01601,8158
439,stearate (18:0),5091,HMDB0000827,C01530,5281
444,ornithine,6026,HMDB0000214,C00077,6262
445,orotate,942,HMDB0000226,C00295,967
452,palmitoleate (16:1n7),393216,HMDB0003229,C08362,445638
460,phenylalanine,5910,HMDB0000159,C00079,6140
461,phosphate,1032,HMDB0001429,C00009,1061
469,phytosphingosine,21238683,HMDB0004610,C12144,122121
480,proline,128566,HMDB0000162HMDB0003411,C00148C000763,8988145742614
482,lactate,592,HMDB0000190,C00186,612
491,pyridoxal,1021,HMDB0001545,C00250,1050
498,retinol (Vitamin A),393012,HMDB0000305,C00473,445354
500,riboflavin (Vitamin B2),431981,HMDB0000244,C00255,493570
501,salicylate,331,HMDB0001895,C00805,338
503,serine,5736,HMDB0000187,C00065,5951
504,serotonin,5013,HMDB0000259,C00780,5202
507,spermine,1072,HMDB0001256,C00750,1103
512,taurine,1091,HMDB0000251,C00245,1123
519,myristate (14:0),10539,HMDB0000806,C06424,11005
523,thiamin monophosphate,2627905,HMDB0002666,C01081,11313382778
535,uridine,5807,HMDB0000296,C00299,6029
536,2'-deoxyuridine,13118,HMDB0000012,C00526,13712
537,trans-urocanate,643824,HMDB0000301,C00785,736715
561,glutamate,591,HMDB0000148,C00025C00217,33032
563,glutamine,5746,HMDB0000641,C00064,5961
564,threonine,6051,HMDB0000167,C00188,6288
565,tryptophan,6066,HMDB0000929,C00078,6305
566,valine,6050,HMDB0000883,C00183,6287
567,nicotinate,913,HMDB0001488,C00253,938
568,pyridoxamine,1023,HMDB0001431,C00534,1052
572,glucose,71358,HMDB0000122,C00031,5793
798,adenosine,54923,HMDB0000050,C00212,60961
799,betaine,19951173242,HMDB0000043,C00719,247
800,cysteine,5653,HMDB0000574,C00097,5862
803,mannose,141983,HMDB0000169,C00159C02209C00936,8230843968018569818950
806,dimethylglycine,653,HMDB0000092,C03626,673
811,alanine,5735,HMDB0000161,C00041,5950
815,tyrosine,5833,HMDB0000158,C00082,6057
818,malonate,844,HMDB0000691,C00383,867
821,pseudouridine,21403010,HMDB0000767,C02067,15047
823,pyruvate,96901,HMDB0000243,C00022,1060
825,uracil,1141,HMDB0000300,C00106,1174
826,xylose,85957,HMDB0000098,C00181,135191
827,cytidine,5940,HMDB0000089,C00475,6175
828,arabinose,59687,HMDB0029942,C00216,66308
872,thymidine,5585,HMDB0000273,C00214,5789
873,thiamin (Vitamin B1),,HMDB0000235,DG00125C00378D08580,1130
878,fructose,5764,HMDB0000660,C00095,2723872
880,adenine,185,HMDB0000034,C00147,190
881,cytosine,577,HMDB0000630,C00380,597
882,thymine,1103,HMDB0000262,C00178,1135
888,caprate (10:0),2863,HMDB0000511,C01571,2969
891,margarate (17:0),10033,HMDB0002259,,10465
892,nonadecanoate (19:0),12071,HMDB0000772,C16535,12591
893,arachidate (20:0),10035,HMDB0002212,C06425,10467
913,maltose,388469,HMDB0000163,C00208,10991489
914,ribose,4470639,HMDB0000283,C00121,5779
917,asparagine,6031,HMDB0000168,C00152,6267
918,fucose,2299091,HMDB0000174HMDB0029196,C01019C01018,1946617106
922,N-stearoyl-sphinganine (d18:0/18:0)*,4446686,,,5283573
923,dihydroorotate,628,HMDB03349,C00337,648
925,heptanoate (7:0),7803,HMDB0000666,C17714,8094
926,caproate (6:0),8552,HMDB0000535,C01585,8892
932,caprylate (8:0),370,HMDB0000482,C06423,379
935,sucrose,5768,HMDB0000258,C00089,5988
936,pyridoxine (Vitamin B6),1025,HMDB0000239,D08454,1054
1001,hydroxyproline,5605,HMDB0000725,C01157,5810
1002,allantoin,199,HMDB0000462,C02348C01551C02350,439714204439713
1003,galactitol (dulcitol),11357,HMDB0000107,C01697,11850
1004,xanthine,1151,HMDB0000292,C00385,1188
1021,5-oxoproline,7127,HMDB0000267,C02237C01879,4396857405
1022,picolinate,993,HMDB0002243,C10164,1018
1023,sarcosine,1057,HMDB0000271,C00213,1088
1024,pantothenate (Vitamin B5),6361,HMDB0000210,C00864,6613
1025,pipecolate,,,,
1049,5-methylcytosine,58551,HMDB0002894,C02376,65040
1052,glycerate,732,HMDB0000139HMDB0006372,C00258,439194752
1053,3-ureidopropionate,109,HMDB0000026,C02642,111
1082,N-acetylleucine,64075,HMDB0011756,C02710,70912
1083,N-acetylmethionine,395338,HMDB0011745,C02712,448580
1084,N-acetylvaline,60154,HMDB0011757,,66789
1087,erucate (22:1n9),7924,HMDB0002068,C08316,82165281116
1090,bilirubin,4444055,HMDB0000054,C00486,5280352
1095,tryptamine,1118,HMDB0000303,C00398,1150
1099,guanosine,6544,HMDB0000133,C00387,6802
1102,gamma-glutamyltyrosine,85142,HMDB0011741,,94340
1105,alpha-tocopherol,14265,HMDB0001893,C02477,86472
1107,N-acetylcysteine,11540,HMDB0001890,C06809,12035
1108,N-carbamoylaspartate,4573859,HMDB0000828,C00438,93072
1110,N-acetylalanine,79449,HMDB0000766,C02847,88064
1113,4-acetamidobutanoate,17180,HMDB0003681,C02946,18189
1114,3-aminoisobutyrate,58481,HMDB0002166,C05145,64956
1115,4-hydroxymandelate,321,HMDB0000822,C03198,328
1124,citrate,305,HMDB0000094,C00158,311
1133,tyramine,5408,HMDB0000306,C00483,5610
1134,urate,,HMDB0000289,C00366,1175
1136,valerate (5:0),7701,HMDB0000892,C00803,7991
1137,oleoyl ethanolamide,4446574,HMDB0002088,,5283454
1140,gamma-glutamylglutamine,133013,HMDB0011738,C05283,150914
1141,4-hydroxyphenylpyruvate,954,HMDB0000707,C01179,979
1143,butyrate/isobutyrate (4:0),259,HMDB0000039,C00246,264
1162,N-acetylneuraminate,10292217,HMDB0000230,C00270,439197
1207,phenethylamine,13856352,HMDB0012275,C05332,1001
1215,N-acetylglucosaminylasparagine,21403014,HMDB0000489,C04540,123826
1216,N-acetyl-beta-glucosaminylamine,388560,HMDB01104,C01239,439454
1221,creatine,566,HMDB0000064,C00300,586
1231,dihomolinoleate (20:2n6),4944228,HMDB0005060,C16525,6439848
1235,gamma-glutamylhistidine,5380197,HMDB0029151,,7017195
1239,2-hydroxystearate,62625,HMDB0062549,C03042C03045,43988743988569417
1242,1-methyladenosine,4573813,HMDB0003331,C02494,27476
1248,TMP,10239189,HMDB0001227,C00364,9700
1254,glycerol,733,HMDB0000131,C00116,753
1256,choline,149278,HMDB0000097,C00114,305
1258,anthranilate,222,HMDB0001123,C00108,227
1268,gamma-glutamylleucine,133115,HMDB0011171,,151023
1276,p-hydroxybenzaldehyde,123,HMDB0011718,C00633,126
1442,beta-hydroxyisovalerate,62571,HMDB0000754,,69362
1488,arachidonoyl ethanolamide,4445241,HMDB0004080,C11695,5281969
1489,palmitoyl ethanolamide,4509,HMDB0002100,C16512,4671
1518,N-palmitoyl-sphingosine (d18:1/16:0),4446677,HMDB0004949,,5283564
1526,1-palmitoyl-2-oleoyl-GPE (16:0/18:1),4446615,HMDB0005320,,5283496
1537,1-palmitoyl-2-linoleoyl-GPC (16:0/18:2),4450224,HMDB0007973,,5287971
1538,stearoyl sphingomyelin (d18:1/18:0),4956085,HMDB0001348,C00550,6453725
1539,1-palmitoyl-2-oleoyl-GPC (16:0/18:1),4940699,HMDB0007972,C13875,6436017
1547,N-stearoyl-sphingosine (d18:1/18:0)*,4446678,HMDB0004950,,5283565
1548,biopterin,392795,HMDB0000468,C06313,445040
1629,taurochenodeoxycholate,343282,HMDB0000951,C05465,387316
1648,taurocholate,,HMDB0000036,C05122,667546783527
1668,taurodeoxycholate,2015539,HMDB0000896,C05463,2733768
2029,azelate (C9-DC),2179,HMDB0000784,C08261,2266
2050,eicosapentaenoate (EPA; 20:5n3),393682,HMDB0001999,C06428,446284
2051,methylsuccinate,9922,HMDB0001844,,10349
2053,tricarballylate,14220,HMDB0031193,C19806,14925
2054,ethylmalonate,11263,HMDB0000622,,11756
100000007,carnitine,10455,HMDB0000062,C00487C00308,288
100000008,benzoate,238,HMDB0001870,C00180,243
100000010,3-phenylpropionate (hydrocinnamate),10181339,HMDB0000764,C05629,107
100000011,phenylacetate,10181341,HMDB0000209,C07086,999
100000015,xanthurenate,5497,HMDB0000881,C02470,5699
100000016,suberate (C8-DC),10025,HMDB0000893,C08278,10457
100000036,3-methyl-2-oxovalerate,46,HMDB0000491,C03465C06008C00671,439286440877
100000039,methionine sulfoxide,139840,HMDB0002005,C02989,158980
100000044,anserine,100482,HMDB0000194,C01262,112072
100000054,5-hydroxylysine,1002,HMDB0000450,C16741,3032849
100000096,4-guanidinobutanoate,486,HMDB0003464,C01035,500
100000098,5-(2-Hydroxyethyl)-4-methylthiazole,1104,HMDB0032985,C04294,1136
100000101,pimelate (C7-DC),376,HMDB0000857,C02656,385
100000103,agmatine,194,HMDB0001432,C00179,199
100000115,diaminopimelate,1267353,HMDB0001370,C00680C0666,439283
100000125,2'-deoxycytidine,13117,HMDB0000014,C00881,13711
100000135,2'-deoxyinosine,58569,HMDB0000071,C05512,135398593
100000146,dipicolinate,9940,HMDB0033161,,10367
100000251,FMN,690,HMDB0001520,C00061,643976
100000257,glucuronate,58552,HMDB0000127,C16245,441478236779769471565041444791
100000258,glycerol 3-phosphate,734,HMDB0000126,C0093,754
100000263,imidazole lactate,389128,HMDB0002320,C05568,793
100000265,kynurenine,141580,HMDB0000684,C00328,161166
100000269,glycerophosphorylcholine (GPC),571409,HMDB0000086,C00670,71920
100000272,allo-threonine,89699,HMDB0004041,C05519,99289
100000282,N-acetylglutamate,1266066,HMDB0001138,C00624,70914
100000283,N-acetylmuramate,74681,HMDB0060493,C02713,5462244
100000285,N-alpha-acetylornithine,388369,HMDB0003357,C00437,439232
100000292,protoporphyrin IX,10469486,HMDB0000241,C02191,4971
100000295,tartarate,852,HMDB0000956HMDB0062642,C00552C02107C00898,444305875
100000299,xanthosine,58484,HMDB0000299,C01762,64959
100000406,ribitol,10254628,HMDB0002917HMDB0001851HMDB0000568HMDB0000508,C00379C01904C00474C00532,6912
100000409,2-isopropylmalate,76,HMDB0000402,C02504,77
100000436,glycodeoxycholate,,HMDB00631,C05464,3035026
100000442,quinate,10246715,HMDB0003072,C00296,6508
100000447,gentisate,3350,HMDB0000152,C00628,3469
100000454,5-aminovalerate,135,HMDB0003355,C00431,138
100000458,homoserine,12126,HMDB0000719,C00263,12647
100000463,indolelactate,83867,HMDB0000671,C02043,92904
100000485,2'-deoxyadenosine 5'-monophosphate,601,HMDB0000905,C00360,12599
100000487,glycylvaline,2006926,HMDB0028854,,2724807
100000491,gamma-glutamylphenylalanine,99868,HMDB0000594,,111299
100000551,4-methyl-2-oxopentanoate,69,HMDB0000695,C00233,70
100000580,15-anhydroglucitol (15-AG),,HMDB0002712,C07326,64960
100000631,N-oleoyl-sphingosine (d18:1/18:1)*,4446676,HMDB0004948,,5283563
100000641,1-palmitoyl-2-oleoyl-GPG (16:0/18:1),4446626,,,70789105
100000652,12-dipalmitoyl-GPG (16:0/16:0),10020701,HMDB0010570,,11846227
100000656,1-stearoyl-GPI (18:0),21403067,HMDB0240261,,7158113542607495
100000657,12-dipalmitoyl-GPC (16:0/16:0),398235,HMDB0000564,D03585,452110
100000665,docosahexaenoate (DHA; 22:6n3),393183,HMDB0002183,C06429,445580
100000672,1-myristoyl-2-palmitoyl-GPC (14:0/16:0),114798,HMDB0007869,,129657
100000700,N-acetylglucosamine 6-sulfate,3615280,HMDB0000814,C04132,440235
100000706,alpha-hydroxyisocaproate,75520,HMDB0000665HMDB00746HMDB0000624,C03264,8369792779439960
100000707,maleate,392248,HMDB0000176,C01384,444266
100000708,isovalerate (C5),10001,HMDB0000718,C08262,10430
100000715,1-methylguanidine,28576,HMDB0001522,C02294,10111
100000772,mevalonolactone,9999,HMDB0006024,,10428
100000773,3-hydroxyoctanoate,24791,HMDB0001954,C20793,26613
100000774,phenyllactate (PLA),3715,HMDB0000779HMDB0000563,C05607,3848
100000776,palmitoylcarnitine (C16),448,HMDB0000222,C02990,461
100000781,hexanoylcarnitine (C6),4932273,HMDB0000756,,6426853
100000787,N-acetylaspartate (NAA),58576,HMDB0000812,C01042,65065
100000800,indoleacrylate,4524636,HMDB0000734,,5375048
100000802,acetylcarnitine (C2),5406074,HMDB0000201,C02571,7045767
100000805,4-thiouracil,2016146,,,2734394
100000808,cysteine s-sulfate,102939,HMDB0000731,C05824,115015
100000809,6-hydroxynicotinate,65756,HMDB0002658,C01020,72924
100000827,1-palmitoylglycerol (16:0),14201,HMDB0011564,,14900
100000837,diethanolamine,13835604,HMDB0004437,C06772,8113
100000840,tartronate (hydroxymalonate),44,HMDB0035227,C02287,45
100000841,oxalate (ethanedioate),946,HMDB0002329,C00209,971
100000869,sinapate,553361,HMDB0032616,C00482,637775
100000873,galacturonate,76444,HMDB0002545,C08348,84740
100000920,naringenin,907,HMDB0002670,C00509,932
100000923,stigmasterol,4444352,HMDB0000937,C05442,5280794
100000924,1-oleoylglycerol (18:1),4446588,HMDB0011567,,5283468
100000935,apigenin,4444100,HMDB0002124,C01477,5280443
100000936,3-methyl-2-oxobutyrate,48,HMDB0000019,C00141,49
100000943,2-oleoylglycerol (18:1),4478086,HMDB0011537,,5319879
100000956,8-hydroxyoctanoate,63018,HMDB0061914,,69820
100000963,homocitrulline,58582,HMDB0000679,C02427,65072
100000987,2-linoleoylglycerol (18:2),4517636,HMDB0011538,,5365676
100000989,triethanolamine,13835630,HMDB0032538,C06771,7618
100001006,N-acetylglycine,10507,HMDB0000532,,10972
100001007,ribonate,4574162,HMDB0000867,C01685,5460677
100001020,ergosterol,392539,HMDB0000878,C01694,444679
100001022,threonate,133224,HMDB0062620HMDB0000943,C01620,1511525460407
100001026,galactonate,114198,HMDB0000565,C00880C15930,12310779128869
100001033,beta-sitosterol,192962,HMDB0000852,C01753,222284
100001034,indoleacetate,780,HMDB0000197,C00954,802
100001040,1-linoleoylglycerol (18:2),4446589,HMDB0011568,,5283469
100001048,2-palmitoylglycerol (16:0),110006,HMDB0011533,,123409
100001051,1-methylhistidine,83153,HMDB0000001,C01152,92105
100001054,butyrylcarnitine (C4),184820,HMDB0002013,C02862,439829
100001062,3-dehydrocholate,140376,HMDB00502,,159655
100001063,7-ketodeoxycholate,163659,HMDB0000391,,188292
100001065,taurolithocholate,10150,HMDB0000722,C02592,439763
100001066,beta-muricholate,2340919,HMDB0000415,C17726,5283853
100001067,dehydrolithocholate,140347,HMDB00502,,5283906
100001068,6-oxolithocholate,144621,,,164960
100001070,712-diketolithocholate,2338317,,,3080560
100001083,indolepropionate,3613,HMDB0002302,,3744
100001092,trigonelline (N'-methylnicotinate),5369,HMDB0000875,C01004,5570
100001102,dodecanedioate (C12),12213,HMDB0000623,C02678,12736
100001103,glutamate gamma-methyl ester,66546,HMDB0061715,,68662
100001104,N-acetyltyrosine,61606,HMDB0000866,,68310
100001112,3-hydroxylaurate,85026,HMDB0000387,,94216
100001121,pyridoxate,6467,HMDB0000017,C00847,6723
100001125,threonylphenylalanine,3313819,HMDB0029068,,7010580
100001126,gamma-glutamylvaline,,HMDB0011172,,7015683
100001133,1-methylguanine,63498,HMDB0003282,,70315
100001143,3-hydroxysuberate,13498677,HMDB0000325,,22328017
100001145,3-hydroxysebacate,2285525,HMDB0000350,,3017884
100001153,2-hydroxyadipate,167943,HMDB0000321,C02360,193530
100001162,propionylcarnitine (C3),96904,HMDB0000824,C03017,107738
100001181,docosapentaenoate (DPA; 22:5n3),,HMDB0006528HMDB0001976,C16513,6441454
100001182,docosadienoate (22:2n6),4445934,HMDB0061714,C16533,5282807
100001198,myristoleate (14:1n5),4444564,HMDB0002000,C08322,5281119
100001204,1-methylhistamine,3488,HMDB0000898,C05127,3614
100001207,4-imidazoleacetate,86856,HMDB0002024,C02835,96215
100001208,1-methyl-4-imidazoleacetate,68319,HMDB0002820,C05828,75810
100001211,sebacate (C10-DC),5004,HMDB0000792,C08277,5192
100001216,delta-tocopherol,83144,HMDB0002902,C14151,92094
100001219,daidzein,4445025,HMDB0003312,C10208,5281708
100001221,genistein,4444448,HMDB0003217,C06563,5280961
100001222,glycitein,4476508,HMDB0005781,C14536,5317750
100001226,I-urobilinogen,24980,HMDB0004157,C05789,9548718
100001229,stearidonate (18:4n3),4471933,HMDB0006547,C16300,5312508
100001232,5-dodecenoate (12:1n7),4471803,HMDB0000529,,5312378
100001250,tauro-beta-muricholate,147312,HMDB0000932,,12159621621124703168408
100001253,N-acetylglutamine,158492,HMDB0006029,C02716,182230
100001254,N-acetyltryptophan,610602,HMDB0013713,C03137,439917700653
100001256,N-acetylphenylalanine,67404,HMDB0000512,C03519,74839
100001257,N-acetylasparagine,90090,HMDB0006028,,99715
100001258,glycylleucine,83812,HMDB0000759,C02155,92843
100001262,gamma-glutamyl-epsilon-lysine,5378717,HMDB0003869,,7015685
100001263,1-palmitoyl-GPC (16:0),78064,HMDB0010382,C04102,86554
100001266,N-acetylarginine,60752,HMDB0004620,C02562,67427
100001269,campesterol,151215,HMDB0002869,C01789,173183
100001270,myristoylcarnitine (C14),4932274,HMDB000506,,6426854
100001271,1-stearoyl-GPC (18:0),435389,HMDB0010384,,497300
100001272,1-oleoyl-GPC (18:1),17240641,HMDB0002815,C03916,16081932
100001274,N-acetylthreonine,3841173,HMDB0062557,,152204
100001276,N-acetylisoleucine,2081100,HMDB0061684,,306109
100001277,10-nonadecenoate (19:1n9),4471938,HMDB0013622,,5312513
100001278,10-heptadecenoate (17:1n7),4471860,HMDB0060038,,5312435
100001279,hyocholate,21403098,HMDB0000760,C17649,92805
100001280,alpha-muricholate,2340918,HMDB0000506,C17647,53477700
100001293,N-acetylhistidine,68142,HMDB0032055,C02997,75619
100001294,gamma-glutamylglycine,145071,HMDB0011667,,100099
100001295,gamma-glutamyltryptophan,2302065,HMDB0029160,,3989307
100001296,stachydrine,103115,HMDB0004827,C10172,115244
100001300,alpha-hydroxyisovalerate,90190,HMDB0000407,,99823
100001310,nicotinamide riboside,,HMDB0000855,C03150,439924
100001313,gamma-glutamylmethionine,5373147,HMDB0029155,,7009567
100001314,gamma-glutamylthreonine,21403107,HMDB0029159,,76078708
100001315,p-cresol sulfate,3806480,HMDB0011635,,4615423
100001316,nicotinate ribonucleoside,141635,HMDB0006809,C05841,161233
100001320,erythronate*,2061231,HMDB0000613,,2781043
100001334,N-acetylproline,285677,HMDB0094701,,322640
100001335,eicosenoate (20:1n9 or 1n11),4445895,HMDB0002231HMDB0062436,C16526,5282768528276994159
100001337,linolenate (18:3n3 or 3n6),4444437,HMDB0003073HMDB0001388,C06426C06427,52809335280934
100001359,aconitate [cis or trans],,HMDB0000958HMDB000072,C004174C02341,444212643757
100001386,heme,,HMDB0003178,C00032,26945
100001391,stearoylcarnitine (C18),21233653,HMDB0000848,,3006797
100001392,laurylcarnitine (C12),8602997,HMDB000225,,168381
100001395,1-linoleoyl-GPC (18:2),10160888,HMDB0010386,C04100,11988421
100001409,N1-methylinosine,513976,HMDB0002721,,650095
100001411,beta-guanidinopropanoate,61020,HMDB0013222,C03065,67701
100001412,N2N2-dimethylguanosine,83878,HMDB0004824,,135501639
100001415,N6-carbamoylthreonyladenosine,141829,HMDB0041623,,161466
100001416,orotidine,83729,HMDB0000788,,92751
100001417,phenylacetylglutamine,270643,HMDB0006344,C04148,92258
100001423,4-hydroxyhippurate,133104,HMDB0013678,,151012
100001425,56-dihydrouridine,85115,HMDB0000497,,94312
100001429,1-margaroylglycerol (17:0),96316,,,107036
100001431,1-pentadecanoylglycerol (15:0),165667,,,190750
100001433,1-arachidonylglycerol (20:4),4445452,HMDB11578,C13857,160199805282281
100001435,1-linolenoylglycerol (18:3),21403134,HMDB0011569,,53480978
100001436,3-ketosphinganine,611,HMDB01480,C02934,631
100001446,5-methyluridine (ribothymidine),393058,HMDB0000884,,445408
100001452,isovalerylglycine,475516,HMDB00678,,546304
100001454,3-hydroxydodecanedioate*,13628081,HMDB0000413,,16663321
100001456,7-methylguanine,10883,HMDB0000897,C02242,135398679
100001461,1-stearoyl-GPE (18:0),7826018,HMDB0011130,,9547068
100001462,1-stearoyl-GPG (18:0),21403138,,,
100001468,N1-Methyl-2-pyridone-5-carboxamide,62899,HMDB0004193,C05842,69698
100001469,N1-Methyl-4-pyridone-3-carboxamide,389671,HMDB0004194,C05843,440810
100001481,1-docosahexaenoylglycerol (22:6),10477810,HMDB0011587,,53480995
100001485,gamma-glutamylisoleucine*,21403145,HMDB0011170,,22885096
100001491,N-glycolylneuraminate,3794850,HMDB0000833,C03410,123802
100001492,diacetylchitobiose,21403149,HMDB0003556,C01674,439544
100001495,pantetheine,388453,HMDB0003426,C00831,439322
100001501,oleoylcarnitine (C18:1),21403150,HMDB0005065,,6441392
100001506,dihydrobiopterin,1808,HMDB0000038,C00268,135402011
100001510,phenol sulfate,67018,HMDB0060015,C02180,74426
100001511,1-palmitoleoyl-GPC* (16:1)*,21403152,HMDB0010383,,24779461
100001526,malonylcarnitine,21403153,HMDB0002095,,22833583
100001540,glutamine_degradant*,,,,
100001541,2-hydroxy-3-methylvalerate,144317,HMDB0000317,,164623
100001542,ferulate,393368,HMDB0000954,C01494,445858
100001562,2-palmitoyl-GPC* (16:0)*,21403165,HMDB0061702,,15061532
100001567,1-palmitoyl-GPE (16:0),7826019,HMDB0011503,,9547069
100001569,1-oleoyl-GPE (18:1),7826021,HMDB0011506,,9547071
100001570,1-linoleoyl-GPE (18:2)*,21403170,HMDB0011507,,52925130
100001571,1-arachidonoyl-GPE (20:4n6)*,21403171,HMDB0011517,,42607465
100001577,N-acetylcitrulline,571213,HMDB0000856,C15532C02851,656979
100001580,docosapentaenoate (n6 DPA; 22:5n6),4945614,HMDB0001976,C16513,6441454
100001586,gulonate*,7969943,HMDB0003290,C00800,152304
100001593,glutarylcarnitine (C5-DC),21403175,HMDB0013130,,71317118
100001594,beta-hydroxyisovaleroylcarnitine,21403176,,,
100001604,hydroquinone sulfate,141624,HMDB0240263,C00530,161220
100001605,catechol sulfate,2341024,HMDB0059724,,3083879
100001606,cholesterol sulfate,4371550,HMDB00653,C18043,65076
100001613,tetradecanedioate (C14),12630,HMDB0000872,,13185
100001614,hexadecanedioate (C16),10027,HMDB0000672,C19615,10459
100001617,undecanedioate (C11-DC),15037,HMDB0000888,,15816
100001618,1-myristoylglycerol (14:0),71382,HMDB0011561,C01885,10957631
100001619,glycerophosphoglycerol,388990,HMDB0240316,C03274,54575349
100001620,glycerophosphoethanolamine,110410,HMDB0000114,C01233,123874
100001621,glycerophosphoinositol*,,,,167572
100001622,2-(4-hydroxyphenyl)propionate,92601,HMDB0041683,C03080,102526
100001624,3-(3-hydroxyphenyl)propionate,89,HMDB0000375,C11457,91
100001625,6-beta-hydroxylithocholate,4446909,HMDB0000811,C15515,5283821
100001628,sedoheptulose-7-phosphate,596,HMDB0001068,C05382,616
100001634,vanillate,8155,HMDB0000484,C06672,8468
100001635,ectoine,112069,,C06231,126041
100001655,1-palmitoyl-GPI* (16:0),,HMDB0061695,,71296207
100001662,deoxycarnitine,705,HMDB0001161,C01181,22620
100001664,N6-succinyladenosine,,HMDB0000912,,165243
100001668,1-ribosyl-imidazoleacetate*,4292299,HMDB0002331,C05131,440569
100001670,1-stearoyl-GPA (18:0),80837,HMDB0062319,,89567
100001671,1-oleoylglycerophosphate (18:1),4593722,,,5497152
100001675,4-hydroxycinnamate,553148,HMDB0002035,C00811,637542
100001679,3-dehydroshikimate,79,,C02637,439774
100001689,pheophorbide A,,,C18021,253193
100001718,246-trihydroxybenzoate,59891,HMDB0029649,,66520
100001721,N2-acetyllysine,83869,HMDB0000446,C12989,92907
100001725,equol,339332,HMDB0002209,C14131,91469
100001730,34-dihydroxybutyrate,,HMDB0000337,,150929
100001734,N6-acetyllysine,83801,HMDB0000206,C02727,92832
100001739,dihomolinolenate (20:3n3 or 3n6),4471954,HMDB0002925,C03242,5280581
100001740,mannitol/sorbitol,440,HMDB0000247HMDB0000765,C00392C00794,57806251
100001767,pyrraline,19980286,HMDB0033143,C21013,14274616
100001768,N6-carboxymethyllysine,11217184,HMDB0240347,,123800
100001777,1-oleoyl-GPI (18:1),,HMDB0061693,,86289645
100001778,1-linoleoyl-GPI* (18:2)*,,,,11124828
100001790,glycylisoleucine,19972556,HMDB0028844,,259613
100001805,methylphosphate,12578,HMDB61711,,13130
100001810,dimethylarginine (ADMA + SDMA),110375,HMDB0003334HMDB0001539,C21189C03626,123831169148
100001819,dihydrokaempferol,,HMDB0030847,C00974,122850
100001823,N-methylalanine,4450824,HMDB0094692,C02721,4377
100001825,6-hydroxydaidzein,4447693,HMDB0031715,C14314,5284649
100001827,pheophytin A,,,C05797,135398712
100001843,gamma-glutamylalanine,389104,HMDB0029142,C03738,440103
100001851,N-acetylserine,58744,HMDB0002931,,65249
100001859,chiro-inositol,10254647,HMDB0240209,C19891,
100001860,pinitol,10369209,HMDB0034219,C03844,164619
100001869,1-stearoyl-2-arachidonoyl-GPC (18:0/20:4),17347139,HMDB0008048,,16219824
100001870,1-palmitoyl-2-linoleoyl-GPE (16:0/18:2),7825697,HMDB0005322,,9546747
100001890,alanylleucine,227831,HMDB0028691,,259583
100001919,syringic acid,10289,HMDB0002085,C10833,10742
100001948,succinylcarnitine (C4-DC),28639166,HMDB0061717,,71464481
100001950,bilirubin (EE)*,4474753,,,129320511
100001951,bilirubin (EZ or ZE)*,4705847,HMDB0000488,C00486,5799469
100001956,N-methylproline,541,HMDB0094696,,643474
100001977,beta-cryptoxanthin,4904571,HMDB0033844,C08591,5281235
100001979,alpha-tocotrienol,4445512,HMDB0006327,C14153,5282347
100001981,gamma-tocotrienol,4445514,HMDB0012958,C14155,5282349
100001990,taurocholenate sulfate*,,,,
100002054,35-dihydroxybenzoic acid,7146,HMDB0013677,,7424
100002070,2-hydroxyglutarate,42,HMDB0059655,C02630,43
100002102,N-acetyl-beta-alanine,68881,HMDB0061880,C01073,76406
100002107,palmitoyl sphingomyelin (d18:1/16:0),8115562,HMDB0010169,,9939941
100002113,cysteine sulfinic acid,107,HMDB0000996,C00606,109
100002132,N1N12-diacetylspermine,117134,HMDB0002172,C03413,132680
100002154,ergothioneine,2297320,HMDB0003045,C05570,5351619
100002185,indole-3-carboxylate,,HMDB0003320,C19837,69867
100002196,13-HODE + 9-HODE,,HMDB0004670HMDB0004667,C14767C14762,53128305282945142452829475282944
100002204,N-acetyl-3-methylhistidine*,19993498,,,193270
100002227,4-cholesten-3-one,427,HMDB0000921,C00599,91477
100002249,N-acetyl-cadaverine,,HMDB0002284,,10374713
100002254,stearoyl ethanolamide,25958,HMDB0013078,,27902
100002284,2S3R-dihydroxybutyrate,9139682,HMDB0002453,,10964471
100002285,24-dihydroxybutyrate,167259,HMDB0000360,,192742
100002300,5-methyl-2'-deoxycytidine,389065,HMDB0002224,C03592,440055
100002328,alpha-tocopherol acetate,2033,HMDB0034227,C13202,2117
100002356,(16 or 17)-methylstearate (a19:0 or i19:0),2340933,HMDB0037397,,3083779
100002367,2R3R-dihydroxybutyrate,17215960,HMDB0000498,,13120901
100002397,alpha-ketoglutaramate*,,HMDB0001552,C00940,48
100002398,piperidine,7791,HMDB0034301,C01746,8082
100002417,23-dihydroxyisovalerate,657,HMDB0012141,C04039,677
100002458,3-methylglutaconate,1267861,HMDB0000522,,1551553
100002500,formiminoglutamate,388370,HMDB0000854,C00439,439233
100002514,hydantoin-5-propionate,761,HMDB0001212,C05565,782
100002528,sulfate*,1086,HMDB01448,C00059,5152822
100002568,L-urobilin,4444369,HMDB0004159,C05793,5280818
100002569,D-urobilin,,HMDB04161,C05795,5280820
100002619,sedoheptulose,4573620,HMDB0003219,C02076,5459879
100002749,S-methylcysteine,22826,HMDB0002108,,24417705817488180
100002769,argininate*,140984,HMDB0003148,,160437
100002873,1-lignoceroyl-GPC (24:0),24766539,HMDB0010405,,24779481
100002875,1-(1-enyl-palmitoyl)-GPC (P-16:0)*,9093054,HMDB0010407,,10917802
100002910,1-methyl-5-imidazoleacetate,4954265,HMDB04988,,6451814
100002912,tauroursodeoxycholate,24539842,HMDB0000874,,9848818
100002913,ursocholate,,HMDB0000917,C17644,122340
100002914,3-(4-hydroxyphenyl)propionate,9965,HMDB0002199,C01744,10394
100002945,(14 or 15)-methylpalmitate (a17:0 or i17:0),,HMDB0061859,C16995,818117903417
100002951,eicosanedioate (C20-DC),68030,,,75502
100002953,16-hydroxypalmitate,10034,HMDB0006294,C18218,10466
100002959,chrysoeriol,4444263,HMDB0030667,C04293,5280666
100002989,oleoyl-linoleoyl-glycerol (18:1/18:2) [1],23975985,HMDB0007219,,14275396
100002990,oleoyl-linoleoyl-glycerol (18:1/18:2) [2],29788004,HMDB0007219,,71433693
100002991,pantethine,398402,HMDB0003828,C12661,452306
100003000,1-(1-enyl-palmitoyl)-GPE (P-16:0)*,10471193,HMDB0011152,,
100003001,1-(1-enyl-stearoyl)-GPE (P-18:0)*,,,,
100003064,galactosylglycerol,10263569,HMDB0006790,C05401,16048618
100003070,enterolactone,8860823,HMDB0006101,C18165,114739
100003072,enterodiol,110294,HMDB0005056,C18166,123725
100003109,2-oxindole-3-acetate,2338343,HMDB0035514,,3080590
100003119,N-oleoyltaurine,4941625,,,6437033
100003151,linoleoylcarnitine (C18:2)*,4952667,HMDB0006469,,6450015
100003152,N-methyl-GABA,63869,,C15987,70703
100003160,glutaminylleucine,,HMDB0028801,,44232492
100003169,isoleucylglycine,303621,HMDB0028907,,342532
100003179,leucylalanine,227625,HMDB0028922,,81721
100003183,leucylglutamine*,3511125,HMDB0028927,,4305457
100003185,leucylglycine,71402,HMDB0028929,,79070
100003196,lysylleucine,3870665,HMDB0028955,,4682588
100003210,valylleucine,312586,HMDB0029131,,352039
100003236,pinosylvin monomethylether,4445035,,C10276,5281719
100003239,N-palmitoyltaurine,14435932,,,14504290
100003240,N-stearoyltaurine,147194,,,168274
100003258,2-O-methylascorbic acid,90149,HMDB0240294,,54726398
100003260,carboxyethyl-GABA,2474,HMDB0002201,,2572
100003365,hydroxymethylpyrimidine,756,,C01279,777
100003397,trimethylamine N-oxide,1113,HMDB0000925,C01104,1145
100003415,N6-methyllysine,144469,HMDB0002038,C02728,164795
100003425,cis-urocanate,1266070,HMDB0034174,,1549103
100003429,equol sulfate,23936050,,,
100003432,dihydroferulate,13701,HMDB0062121,,14340
100003434,imidazole propionate,63798,HMDB0002271,,70630
100003493,tyrosol,9964,HMDB0004284,C06044,10393
100003542,histidylalanine,312232,HMDB0028878,,101180
100003588,phenylalanylglycine,88678,HMDB0028995,,6992304
100003589,phenylalanylalanine,4589716,HMDB0028988,,5488196
100003598,tyrosylglycine,227627,HMDB0029105,,7021854
100003609,tryptophylglycine,231453,HMDB0029083,,263471
100003640,valylglutamine,4419671,HMDB0029125,,5253209
100003641,valylglycine,120256,HMDB0029127,,136487
100003674,prolylglycine,4932143,HMDB0011178,,6426709
100003686,N-palmitoylglycine,133100,HMDB0013034,,151008
100003695,mannonate*,2496757,,,3246006
100003712,4-methylthio-2-oxobutanoate,460,HMDB0001553,C01180,473
100003867,N6N6-dimethyladenosine,309033,,C03416,440004348206
100003869,taurohyodeoxycholic acid,106373,HMDB0000874,,12443252
100003884,DIMBOA,2268,HMDB0034864,C04720,2358
100003901,2-stearoyl-GPE (18:0)*,24769218,HMDB0011129,,9065845353480667
100003926,(R)-3-hydroxybutyrylcarnitine,,HMDB0013127,,53481617
100004035,nicotianamine,8058557,,C05324,9882882
100004054,margaroylcarnitine (C17)*,35015987,HMDB0006210,,53477803
100004059,histidine betaine (hercynine)*,2340795,,,3083620
100004089,2-hydroxydecanoate,20195,HMDB0094656,,21488
100004182,3b-hydroxy-5-cholenoic acid,83950,HMDB0000308,,92997
100004206,28-quinolinediol,87777,,C06342,97250
100004216,pterin,65806,HMDB0000802,C00715,135398660
100004251,dimethylmalonic acid,11195,HMDB0002001,,11686
100004290,o-Tyrosine,82607,HMDB0006050,,91482
100004295,2-piperidinone,12144,HMDB0011749,,12665
100004299,N-acetyl-1-methylhistidine*,,,,53859791
100004318,indolin-2-one,284794,,C12312,321710
100004321,28-quinolinediol sulfate,,,,
100004322,2-aminophenol sulfate,158022,HMDB0061116,,181670
100004327,1-stearoyl-GPS (18:0)*,7826051,HMDB0061698,,74819135
100004328,sphingomyelin (d18:1/14:0 d16:1/16:0)*,9608732,HMDB0012097,,11433862
100004329,sphingomyelin (d18:2/16:0 d18:1/16:1)*,,,,
100004434,1-methyl-beta-carboline-3-carboxylic acid,4546099,,,5406157
100004481,soyasaponin I,,HMDB0034649,C08983,122097
100004482,soyasaponin II,,HMDB0034650,C12081,443614
100004483,soyasaponin III,,HMDB0034651,C19865,21607811
100004523,N-delta-acetylornithine,8096135,HMDB0003357,C00437,9920500
100004542,2-aminoheptanoate,198338,HMDB0094649,,227939
100004561,N-formylanthranilic acid,91624,HMDB0004089,C05653,101399
100004635,methionine sulfone,63154,HMDB0062174,,69961
100004644,1-methylhypoxanthine,63930,HMDB0013141,,70765
100005372,1-(1-enyl-oleoyl)-GPE (P-18:1)*,,,,
100005373,fructosyllysine,110281,HMDB0034879,,9839580
100005384,O-sulfo-L-tyrosine,448617,,,514186
100005389,ferulic acid 4-sulfate,4878542,HMDB0029200,,6305574
100005391,3-(3-hydroxyphenyl)propionate sulfate,162993,HMDB0094710,,187488
100005463,N-acetylmethionine sulfoxide,167798,,,11902949
100005466,N-acetyltaurine,140553,HMDB0240253,,159864
100005716,1-oleoyl-GPG (18:1)*,34999689,,,
100005717,1-palmitoyl-GPG (16:0)*,2548639,,,3300276
100005805,1-palmitoyl-GPS (16:0)*,7826050,,,9547100
100005814,N-linoleoyltaurine*,,,,52922081
100005852,10-hydroxystearate,7838048,HMDB0037396,C03195,9561835
100005946,2-keto-3-deoxy-gluconate,141630,HMDB0001353,C00204,161227
100005972,alpha-CEHC sulfate,,,,
100005986,sphingomyelin (d18:1/24:1 d18:2/24:0)*,24846874,HMDB0012107,,44260126
100005996,octadecenedioylcarnitine (C18:1-DC)*,28639201,,,
100005998,octadecanedioylcarnitine (C18-DC)*,28639203,,,
100006051,myristoleoylcarnitine (C14:1)*,34999520,HMDB0240588,,129691961
100006056,N-formylphenylalanine,663938,HMDB0240317,,7592567064571
100006115,arabonate/xylonate,,HMDB0000539,C00502C05411,1220456602431
100006121,1-dihomo-linolenylglycerol (20:3),,,,
100006122,ribulose/xylulose,,HMDB0000621HMDB0000751HMDB0001644HMDB0003371,,5289590151261
100006123,N-acetylhistamine,62805,HMDB0013253,C05135,69602
100006124,N2N6-diacetyllysine,82921,,,91827
100006290,sphingomyelin (d18:1/20:0 d16:1/22:0)*,23113477,HMDB0012102,,44260124
100006294,behenoyl sphingomyelin (d18:1/22:0)*,24846873,HMDB0012103,,44260125
100006295,sphingomyelin (d18:1/22:1 d18:2/22:0 d16:1/24:1)*,29368329,HMDB0012104,,
100006298,lignoceroyl sphingomyelin (d18:1/24:0),24846875,,,
100006314,sphingomyelin (d17:1/16:0 d18:1/15:0 d16:1/17:0)*,28532779,,,
100006363,daidzein sulfate (2),,,,12114465
100006367,3-hydroxyhexanoate,133518,HMDB0061652HMDB0010718,,151492
100006369,N-carbamoylalanine,377278,,,426409
100006370,3beta-hydroxy-5-cholestenoate,,,C17333,165511
100006430,arabitol/xylitol,,HMDB0001851HMDB0000568HMDB0002917,C00379C00542C01904,941546912
100006435,N-acetylglucosamine/N-acetylgalactosamine,,HMDB0000212HMDB0000215,C01074,43917484265
100006438,citraconate/glutaconate,,HMDB0000634HMDB0000620,C02226C02214,5280498643798
100006614,adipoylcarnitine (C6-DC),28540385,HMDB0061677,,71296139
100006627,suberoylcarnitine (C8-DC),,,,
100006637,cholate sulfate,,,,
100006643,taurochenodeoxycholic acid (7 or 27)-sulfate,,,,
100006726,linoleoyl ethanolamide,4446566,HMDB0012252,,5283446
100008903,12-dilinoleoyl-GPC (18:2/18:2),4450312,HMDB0008138,,5288075
100008904,1-stearoyl-2-oleoyl-GPC (18:0/18:1),24766704,HMDB0008038,,24778825
100008914,1-palmitoyl-2-arachidonoyl-GPC (16:0/20:4n6),8923140,HMDB0007982,C05208,10747814
100008915,1-palmitoyl-2-docosahexaenoyl-GPC (16:0/22:6),4946007,HMDB0007991,,6441886
100008916,1-stearoyl-2-docosahexaenoyl-GPC (18:0/22:6),,HMDB0008057,,24778876
100008920,sphingomyelin (d18:1/17:0 d17:1/18:0 d19:1/16:0),,,,46891763
100008921,1-palmitoyl-2-stearoyl-GPC (16:0/18:0),24766643,HMDB0007970,C03889,24778686
100008928,2-hydroxybutyrate/2-hydroxyisobutyrate,,HMDB0000729HMDB00008,C21297C05984,4408644277439
100008929,2-methylcitrate/homocitrate,,HMDB0003518HMDB0000379,C01251,439459515
100008930,oleate/vaccenate (18:1),,HMDB0003231HMDB0000573HMDB0240219HMDB0000207,C21944C08367C01712C00712,52827616375175281127445639
100008932,phenylacetyltaurine,1627903,,,2179693
100008934,2-hydroxylaurate,88259,,,97783
100008952,1-palmitoleoylglycerol (16:1)*,,,,
100008953,2-palmitoleoylglycerol (16:1)*,,HMDB0011534,,53480960
100008954,palmitoyl dihydrosphingomyelin (d18:0/16:0)*,8115586,HMDB0010168,,9939965
100008955,tricosanoyl sphingomyelin (d18:1/23:0)*,,HMDB0012105,,
100008957,sphingomyelin (d18:2/24:1 d18:1/24:2)*,,,,85336023
100008977,1-stearoyl-2-arachidonoyl-GPE (18:0/20:4),4451158,HMDB0009003,C05210,5289133
100008980,1-stearoyl-2-linoleoyl-GPC (18:0/18:2)*,,HMDB0008039,,6441487
100008981,1-oleoyl-2-linoleoyl-GPC (18:1/18:2)*,,HMDB0008105,,24778939
100008984,1-palmitoyl-2-palmitoleoyl-GPC (16:0/16:1)*,,HMDB0007969,,6443788
100008985,1-palmitoyl-2-dihomo-linolenoyl-GPC (16:0/20:3n3 or 6)*,,,,
100008990,1-palmitoyl-2-arachidonoyl-GPE (16:0/20:4)*,7825750,HMDB0005323,C05210,9546800
100008991,1-palmitoyl-2-docosahexaenoyl-GPE (16:0/22:6)*,7825749,HMDB0008946,,9546799
100008998,gamma-tocopherol/beta-tocopherol,,HMDB0006335HMDB0001492,C14152C02483,
100009002,1-(1-enyl-palmitoyl)-2-arachidonoyl-GPE (P-16:0/20:4)*,24769238,HMDB0011352,,52925126
100009005,1-(1-enyl-palmitoyl)-2-oleoyl-GPE (P-16:0/18:1)*,24769228,HMDB0011342,,52925128
100009007,1-(1-enyl-palmitoyl)-2-oleoyl-GPC (P-16:0/18:1)*,,HMDB0007996,,34779384
100009014,1-(1-enyl-palmitoyl)-2-arachidonoyl-GPC (P-16:0/20:4)*,24767495,HMDB0011220,,
100009025,sphingomyelin (d18:1/21:0 d17:1/22:0 d16:1/23:0)*,,,,
100009026,behenoyl dihydrosphingomyelin (d18:0/22:0)*,24846880,HMDB0012091,,44260132
100009027,sphingomyelin (d18:0/18:0 d19:0/17:0)*,24846878,HMDB0012087,,44260130
100009028,N-palmitoyl-sphinganine (d18:0/16:0),4446685,HMDB11760,,5283572
100009030,lactosyl-N-palmitoyl-sphingosine (d18:1/16:0),,,,53477895
100009038,myristoyl dihydrosphingomyelin (d18:0/14:0)*,24846886,HMDB0012085,,44260138
100009052,palmitoyl-linoleoyl-glycerol (16:0/18:2) [1]*,7822645,HMDB0007103,,9543695
100009055,palmitoyl-linoleoyl-glycerol (16:0/18:2) [2]*,,HMDB0007103,,131801744
100009056,(3'-5')-guanylyluridine,32821064,,,145459101
100009057,(3'-5')-uridylylguanosine,96654,,,107394
100009058,(3'-5')-uridylyluridine,92384,,,145459105
100009060,(3'-5')-adenylyluridine,100483,,,145459093
100009061,(3'-5')-cytidylyladenosine,82640,,,91519
100009062,(3'-5')-adenylylcytidine,9050769,,,10875494
100009063,(3'-5')-cytidylylguanosine,58611,,,65101
100009064,(3'-5')-guanylylcytidine,96791,,,145459099
100009078,1-oleoyl-2-linoleoyl-GPE (18:1/18:2)*,7825703,HMDB0005349,,9546753
100009130,1-oleoyl-2-docosahexaenoyl-GPC (18:1/22:6)*,24766785,HMDB0008123,,24778955
100009131,1-linoleoyl-2-arachidonoyl-GPC (18:2/20:4n6)*,24766809,HMDB0008147,C05208,24778979
100009204,12-dipalmitoyl-GPE (16:0/16:0)*,393103,HMDB0008923,,445468
100009217,12-dilinoleoyl-GPE (18:2/18:2)*,7825762,HMDB0009093,,9546812
100009232,thioproline,84120,,,93176
100009233,palmitoylcholine,133731,HMDB0240592,,151731
100009239,isocitric lactone,88729,,,98259
100009271,(S)-3-hydroxybutyrylcarnitine,,HMDB0013127,,71464477
100009329,ascorbic acid 2-sulfate,77998,HMDB0060649,,54676864
100009331,oleoylcholine,,HMDB0240596,,59040790
100009343,1-linoleoyl-2-linolenoyl-GPC (18:2/18:3)*,24766802,HMDB0008141,,52922731
100009392,12-dilinolenoyl-digalactosylglycerol (18:3/18:3),,HMDB0011127,,53480666
100009393,hexadecatrienoate (16:3n3),4471853,,,91820460
100009406,palmitoleoylcarnitine (C16:1)*,28639183,,,71464547
100009407,pimeloylcarnitine/3-methyladipoylcarnitine (C7-DC),,,,
100010869,23-dihydroxy-2-methylbutyrate,266858,HMDB0029576,,301941
100010872,1-linoleoyl-2-linolenoyl-digalactosylglycerol (18:2/18:3)*,24785583,,,
100010873,12-dilinoleoyl-digalactosylglycerol (18:2/18:2)*,24785309,,,
100010874,1-palmitoyl-2-linoleoyl-digalactosylglycerol (16:0/18:2)*,24785221,,,
100010877,12-dilinolenoyl-galactosylglycerol (18:3/18:3)*,4445458,,C13871,5282287
100010878,1-linoleoyl-2-linolenoyl-galactosylglycerol (18:2/18:3)*,,,,
100010879,12-dilinoleoyl-galactosylglycerol (18:2/18:2)*,5019375,,,6535011
100010881,1-linoleoyl-galactosylglycerol (18:2)*,4478394,,,5320254
100010885,1-palmitoyl-galactosylglycerol (16:0)*,8588782,,,10413348
100010890,1-palmitoyl-digalactosylglycerol (16:0)*,,,,
100010893,1-palmitoyl-2-linoleoyl-galactosylglycerol (16:0/18:2)*,23326991,,,
100010895,2'-O-methylcytidine,133067,,,150971
100010896,2'-O-methyluridine,92343,,,102212
100010901,gamma-glutamyl-alpha-lysine,58747,,,65254
100010917,palmitoyl-oleoyl-glycerol (16:0/18:1) [2]*,,HMDB0007102,C13861,5282283
100010919,oleoyl-oleoyl-glycerol (18:1/18:1) [2]*,,HMDB0007218,,9543716
100010921,stearoyl-linoleoyl-glycerol (18:0/18:2) [2]*,,,,
100010923,linoleoyl-arachidonoyl-glycerol (18:2/20:4) [2]*,,HMDB0007257,,9543796
100010926,linoleoyl-linolenoyl-glycerol (18:2/18:3) [1]*,,HMDB0007249,,14275409
100010927,linoleoyl-linolenoyl-glycerol (18:2/18:3) [2]*,,HMDB0007250,,9543737
100010928,linoleoyl-docosahexaenoyl-glycerol (18:2/22:6) [1]*,,HMDB0007266,,9543899
100010929,linoleoyl-docosahexaenoyl-glycerol (18:2/22:6) [2]*,,HMDB0007266,,9543899
100010933,linolenoyl-linolenoyl-glycerol (18:3/18:3) [2]*,,HMDB0007278,,14275411
100010937,oleoyl-arachidonoyl-glycerol (18:1/20:4) [2]*,,HMDB0007228,,9543786
100010939,palmitoyl-linolenoyl-glycerol (16:0/18:3) [2]*,,HMDB0007104HMDB0007105,,348277338348277337
100010940,diacylglycerol (16:1/18:2 [2] 16:0/18:3 [1])*,,,,
100010941,linoleoyl-linoleoyl-glycerol (18:2/18:2) [1]*,,HMDB0007248,,9543729
100010942,linoleoyl-linoleoyl-glycerol (18:2/18:2) [2]*,,HMDB0007248,,9543729
100015609,N-palmitoyl-sphingadienine (d18:2/16:0)*,,,,
100015624,N-behenoyl-sphingadienine (d18:2/22:0)*,,,,
100015637,2-hydroxybehenate,167899,HMDB0061660,,193484
100015638,2-hydroxynervonate*,4472208,,,5312783
100015641,N-oleoylserine,21466990,,,44190514
100015642,N-(2-hydroxypalmitoyl)-sphingosine (d18:1/16:0(2OH)),30786072,,,72715801
100015666,glycerophosphoserine*,2339060,,,3081457
100015684,myristoyl-linoleoyl-glycerol (14:0/18:2) [2]*,,HMDB0007016,,14275352
100015723,hexadecasphingosine (d16:1)*,28533427,,,14767871
100015724,heptadecasphingosine (d17:1),4446670,,,5283557
100015727,ceramide (d16:1/24:1 d18:1/22:1)*,,,,
100015730,glycosyl ceramide (d16:1/24:1 d18:1/22:1)*,,,,
100015735,ceramide (d18:1/14:0 d16:1/16:0)*,,,,
100015737,ceramide (d18:1/17:0 d17:1/18:0)*,,,,
100015744,ceramide (d18:2/24:1 d18:1/24:2)*,,,,
100015755,ceramide (d18:1/20:0 d16:1/22:0 d20:1/18:0)*,,,,
100015759,stearoylcholine*,,,,90111
100015760,linoleoylcholine*,,HMDB0013213,,53481656
100015785,nisinate (24:6n3),9967286,HMDB0013025,,11792612
100015786,sphingomyelin (d18:0/20:0 d16:0/22:0)*,,,,
100015797,heneicosapentaenoate (21:5n3),10171040,,,11998573
100015831,linolenoylcarnitine (C18:3)*,,,,
100015833,arachidoylcarnitine (C20)*,28639199,HMDB0006460,,53477833
100015834,lignoceroylcarnitine (C24)*,,,,
100015837,arachidonoylcarnitine (C20:4),,HMDB0006455,,136212424
100015838,eicosenoylcarnitine (C20:1)*,,,,
100015839,dihomo-linoleoylcarnitine (C20:2)*,,,,
100015842,pentadecanoylcarnitine (C15)*,,HMDB0062517,,123132011
100015853,arachidoyl ethanolamide (20:0)*,3015157,,,3787294
100015854,behenoyl ethanolamide (22:0)*,2289737,,,3023585
100015855,lignoceroyl ethanolamide (24:0)*,21169187,,,
100015862,palmitoleoyl ethanolamide*,8011589,HMDB0013648,,9835868
100015863,margaroyl ethanolamide*,21467441,,,14455158
100015865,hexadecasphinganine (d16:0)*,571105,,C13915,656816
100015870,eicosanoylsphingosine (d20:1)*,,,,
100015962,NNN-trimethyl-5-aminovalerate,34236878,,,14274897
100015965,ethyl alpha-glucopyranoside,378664,HMDB0029968,,11127487
100015966,carotene diol (1),,,,
100015967,carotene diol (2),,,,
100015968,carotene diol (3),,,,
100015988,isohyodeoxycholate,4446910,HMDB0000664,,5283822
100016038,(N(1) + N(8))-acetylspermidine,,HMDB0002189HMDB0001276,C01029C00612,496123689
100016069,5-dodecenoylcarnitine (C12:1),,HMDB13326,,91825571
100019761,N-palmitoyl-phytosphingosine (t18:0/16:0),8682389,HMDB0010697,,10506988
100019892,2-hydroxyarachidate*,4395406,,,5225199
100019894,2-hydroxylignocerate*,92507,HMDB0039540,C17873,102430
100019915,cytidine 2' or 3'-monophosphate (2' or 3'-CMP),,HMDB0240312HMDB0011692,C03104C05822,6653553481031
100019953,18-methylnonadecanoate (i20:0),3584985,,,4383090
100019960,2-hydroxyheptanoate*,2032206,,,2750949
100019968,lyxonate,,,,
100019969,heptadecanedioate (C17-DC),2340922,,,3083765
100019972,dodecenedioate (C12:1-DC)*,,HMDB0000933,,5283028
100019975,hexadecenedioate (C16:1-DC)*,,,,
100019978,octadecenedioate (C18:1-DC),,,,9543674
100019982,octadecadienedioate (C18:2-DC)*,,,,
100020207,genistein sulfate*,,,,
100020214,glyco-beta-muricholate**,,,,
100020217,NNN-trimethyl-alanylproline betaine (TMAP),,HMDB0240365,,
100020219,3-formylindole,9838,HMDB29737,C08493,10256
100020242,diacetylspermidine*,25944163,HMDB0002172,C03413,132680
100020272,dihydroferulic acid sulfate,162994,HMDB0041724,,187489
100020343,tetradecadienoate (14:2)*,4471834,HMDB0000560,,5312409
100020361,3-amino-2-piperidone,4371576,HMDB0000323,,5200225
100020371,NN-dimethylalanine,4589713,,,5488191
100020372,3-indoleglyoxylic acid,66497,,,73863
100020377,ethyl beta-glucopyranoside,108559,HMDB0029968,,121667
100020378,2-hydroxysebacate,113866,HMDB0000424,,128458
100020407,enterolactone sulfate,,HMDB0240506HMDB0240505,,
100020409,ascorbic acid 3-sulfate*,9600241,,,11425365
100020417,N6N6-dimethyllysine,167778,HMDB0013287,C05545,193344
100020419,1-carboxyethylphenylalanine,19276386,,,59100900
100020423,1-carboxyethylvaline,,,,
100020425,1-carboxyethylleucine,,,,
100020427,1-carboxyethylisoleucine,,,,
100020487,N-acetyl-isoputreanine,,,,131802901
100020513,N-acetylhomocitrulline,,,,
100020546,N2-acetylN6-methyllysine,,,,
100020696,2-palmitoyl-galactosylglycerol (16:0)*,,,,
100020715,heptadecatrienoate (17:3)*,17220717,,C16344,16061034
100020723,(3'-5')-adenylyladenosine*,85040,,,94231
100020724,(3'-5')-adenylylguanosine*,392294,,,135508729
100020725,(3'-5')-guanylyladenosine*,,,,
100020727,(3'-5')-cytidylylcytidine*,85046,,,94237
100020728,(3'-5')-cytidylyluridine*,,,,145459097
100020729,(3'-5')-uridylylcytidine*,,,,145459103
100020769,1-heptadecenoylglycerol (17:1)*,58191491,,,
100020837,26-dihydroxybenzoic acid,8974,HMDB0013676,,9338
100020840,linolenoyl ethanolamide,4446569,HMDB0013624,,5283449
100020845,tauroursodeoxycholic acid sulfate (2),,,,
100020859,12-ketolithocholate,2338365,HMDB0000328,,3080612
100020860,3-dehydrodeoxycholate,141233,HMDB0062742,,160738
100020893,23-dihydroxy-5-methylthio-4-pentenoate (DMTPA)*,,HMDB0240388,,
100021000,hydroxypalmitoyl sphingomyelin (d18:1/16:0(OH))**,,,,
100021071,vitamin D3 sulfate,,,,71752977
100021092,glycitein sulfate (2),,,,
100021105,eicosenedioate (C20:1-DC)*,,,,
100021123,hydroxy-N6N6N6-trimethyllysine*,,,,
100021194,N-carboxymethylalanine,2044984,,,440119
100021196,carboxymethylproline,24216123,,,45116053
100021199,stigmastadienone,4946289,,,249915307
100021220,succinoyltaurine,20509456,,,
100021223,hexanoyltaurine,1680723,,,2245940
100021236,dehydrophytosphingosine*,26333231,HMDB0038057,,14757418
100021237,N-stearoyl-phytosphingosine (t18:0/18:0)*,8074300,,,9898642
100021256,35-dihydroxyphenylpropionate,141878,HMDB0125533,,161525
100021277,5-hydroxypicolinic acid,236246,,,268740
100021372,2-hydroxy-4-(methylthio)butanoic acid,,HMDB0037115,,11427
100021376,3-hydroxymargaroylglycine,8720739,,,10545348
100021467,pentose acid*,,HMDB0000892,C00803,7991
100021474,N-butyryl-leucine,14028016,,,
100021475,N-butyryl-isoleucine,16412598,,,
100021478,1-methyl-5-imidazolelactate,65563369,,,
100021503,N-carbamoylputrescine,488,HMDB0033458,C00436,502
100021504,N1N10-dicoumaroylspermidine,27471687,HMDB0033469,,15270795
100021536,NN-dimethylvaline,9183230,,,11008044
100021568,25-hydroxycholesterol sulfate,9880452,,,11705729
100021647,isoursodeoxycholate sulfate (1),,,,
100021650,chenodeoxycholic acid sulfate (1),,HMDB0002522,,21252308
100021652,chenodeoxycholic acid sulfate (3),,HMDB0002586,,21252312
100021654,ala-leu-ala,16108739,,,23080784
100021655,ala-ile-ala,16568580,,,18218408
100021656,val-val-ala,16576091,,,18232571
100021666,branched-chain straight-chain or cyclopropyl 10:1 fatty acid (1)*,,,,
100021710,hydroxy-undecanedioate (OH-C11:0-DC)*,,,,
100021922,butyrylputrescine/isobutyrylputrescine,,,,
100022006,bilirubin degradation product C17H18N2O4 (2)**,,,,
100022007,bilirubin degradation product C17H18N2O4 (3)**,,,,
100022041,NN-dimethyl-pro-pro,,,,
100022120,oxindolylalanine,,,,20977764
999911612,X-11612,,,,
999911979,X-11979,,,,
999912026,X-12026,,,,
999912027,X-12027,,,,
999912096,X-12096,,,,
999912097,X-12097,,,,
999912100,X-12100,,,,
999912101,X-12101,,,,
999912117,X-12117,,,,
999912411,X-12411,,,,
999912680,X-12680,,,,
999913007,X-13007,,,,
999913723,X-13723,,,,
999914056,X-14056,,,,
999914254,X-14254,,,,
999914383,X-14383,,,,
999914392,X-14392,,,,
999914454,X-14454,,,,
999914904,X-14904,,,,
999915136,X-15136,,,,
999915245,X-15245,,,,
999915853,X-15853,,,,
999915956,X-15956,,,,
999916391,X-16391,,,,
999916580,X-16580,,,,
999916938,X-16938,,,,
999917010,X-17010,,,,
999917162,X-17162,,,,
999917335,X-17335,,,,
999917438,X-17438,,,,
999917749,X-17749,,,,
999917852,X-17852,,,,
999917877,X-17877,,,,
999917919,X-17919,,,,
999917960,X-17960,,,,
999917969,X-17969,,,,
999918059,X-18059,,,,
999918278,X-18278,,,,
999918347,X-18347,,,,
999918410,X-18410,,,,
999919232,X-19232,,,,
999919452,X-19452,,,,
999919746,X-19746,,,,
999919751,X-19751,,,,
999919763,X-19763,,,,
999919911,X-19911,,,,
999919921,X-19921,,,,
999920100,X-20100,,,,
999920172,X-20172,,,,
999921283,X-21283,,,,
999921353,X-21353,,,,
999921788,X-21788,,,,
999921796,X-21796,,,,
999921959,X-21959,,,,
999922062,X-22062,,,,
999922099,X-22099,,,,
999922142,X-22142,,,,
999922772,X-22772,,,,
999922776,X-22776,,,,
999923060,X-23060,,,,
999923105,X-23105,,,,
999923109,X-23109,,,,
999923115,X-23115,,,,
999923190,X-23190,,,,
999923267,X-23267,,,,
999923287,X-23287,,,,
999923438,X-23438,,,,
999923456,X-23456,,,,
999923469,X-23469,,,,
999923470,X-23470,,,,
999923475,X-23475,,,,
999923482,X-23482,,,,
999923587,X-23587,,,,
999923662,X-23662,,,,
999923732,X-23732,,,,
999923737,X-23737,,,,
999923748,X-23748,,,,
999923752,X-23752,,,,
999923753,X-23753,,,,
999923764,X-23764,,,,
999923767,X-23767,,,,
999923782,X-23782,,,,
999923911,X-23911,,,,
999924027,X-24027,,,,
999924137,X-24137,,,,
999924210,X-24210,,,,
999924246,X-24246,,,,
999924359,X-24359,,,,
999924425,X-24425,,,,
999924518,X-24518,,,,
999924609,X-24609,,,,
999924650,X-24650,,,,
999924658,X-24658,,,,
999924663,X-24663,,,,
999924664,X-24664,,,,
999924667,X-24667,,,,
999924668,X-24668,,,,
999924669,X-24669,,,,
999924670,X-24670,,,,
999924672,X-24672,,,,
999924674,X-24674,,,,
999924675,X-24675,,,,
999924683,X-24683,,,,
999924697,X-24697,,,,
999924707,X-24707,,,,
999924712,X-24712,,,,
999924729,X-24729,,,,
999924853,X-24853,,,,
999924854,X-24854,,,,
999924989,X-24989,,,,
999925045,X-25045,,,,
999925053,X-25053,,,,
999925076,X-25076,,,,
999925109,X-25109,,,,
999925111,X-25111,,,,
999925212,X-25212,,,,
999925247,X-25247,,,,
999925326,X-25326,,,,
999925357,X-25357,,,,
999925433,X-25433,,,,
999925475,X-25475,,,,
999925483,X-25483,,,,
999925485,X-25485,,,,
999925487,X-25487,,,,
999925489,X-25489,,,,
999925490,X-25490,,,,
999925492,X-25492,,,,
999925493,X-25493,,,,
999925501,X-25501,,,,
999925502,X-25502,,,,
999925508,X-25508,,,,
999925509,X-25509,,,,
999925511,X-25511,,,,
999925518,X-25518,,,,
999925519,X-25519,,,,
999925521,X-25521,,,,
999925522,X-25522,,,,
999925532,X-25532,,,,
999925533,X-25533,,,,
999925534,X-25534,,,,
999925539,X-25539,,,,
999925563,X-25563,,,,
999925564,X-25564,,,,
999925688,X-25688,,,,
999925701,X-25701,,,,
999925709,X-25709,,,,
999925710,X-25710,,,,
999925716,X-25716,,,,
999925838,X-25838,,,,
999925854,X-25854,,,,
999925858,X-25858,,,,
999925940,X-25940,,,,
999925941,X-25941,,,,
999925946,X-25946,,,,
999925947,X-25947,,,,
999925948,X-25948,,,,
999925950,X-25950,,,,
999925953,X-25953,,,,
999925955,X-25955,,,,
999925957,X-25957,,,,
999925958,X-25958,,,,
999926035,X-26035,,,,
999926068,X-26068,,,,
999926099,X-26099,,,,
999926101,X-26101,,,,
999926126,X-26126,,,,
